a23de5a4-5b90-11ec-be62-04d3b0341b98.jpg,['3987 MQ|']
a517f12e-5b90-11ec-9cf4-04d3b0341b98.jpg,['33987']
bc9f35b6-5b92-11ec-a9f3-04d3b0341b98.jpg,"['3987 Nq|', '17i4']"
bf2d7766-5b92-11ec-977a-04d3b0341b98.jpg,"['3987 MQ', '114']"
c12bb40c-5b92-11ec-ab05-04d3b0341b98.jpg,"['3987  Nq', '14']"
1c97822c-5b93-11ec-bfb2-04d3b0341b98.jpg,"['6 3938 HG', '09 .24']"
1e50d54a-5b93-11ec-88de-04d3b0341b98.jpg,"['6 3938 Hg', '09', '24']"
202e9be8-5b93-11ec-bf46-04d3b0341b98.jpg,"['6 3938 HG', '09 . 24']"
ab209900-5bc3-11ec-b69e-04d3b0341b98.jpg,[]
ae34788c-5bc3-11ec-916d-04d3b0341b98.jpg,[]
af9f7e34-5bc3-11ec-8782-04d3b0341b98.jpg,[]
b1807900-5bc3-11ec-ad12-04d3b0341b98.jpg,[]
b2f5e4c6-5bc3-11ec-b852-04d3b0341b98.jpg,[]
b480bfc8-5bc3-11ec-a4b7-04d3b0341b98.jpg,[]
b6310610-5bc3-11ec-b2bf-04d3b0341b98.jpg,[]
b7a9dc74-5bc3-11ec-9513-04d3b0341b98.jpg,[]
b91e25c6-5bc3-11ec-8ff6-04d3b0341b98.jpg,[]
baf5dbf8-5bc3-11ec-b7f8-04d3b0341b98.jpg,[]
bc654902-5bc3-11ec-8f5e-04d3b0341b98.jpg,[]
bddcd47e-5bc3-11ec-a6b7-04d3b0341b98.jpg,[]
bf7f61ee-5bc3-11ec-85d1-04d3b0341b98.jpg,[]
c11f9276-5bc3-11ec-8182-04d3b0341b98.jpg,[]
c2977442-5bc3-11ec-a171-04d3b0341b98.jpg,[]
c41a0b00-5bc3-11ec-9ba8-04d3b0341b98.jpg,[]
c574a4ee-5bc3-11ec-ab22-04d3b0341b98.jpg,[]
c6f5b586-5bc3-11ec-99f9-04d3b0341b98.jpg,[]
c893d4e4-5bc3-11ec-a596-04d3b0341b98.jpg,[]
ca171802-5bc3-11ec-869e-04d3b0341b98.jpg,[]
cbb5956c-5bc3-11ec-a843-04d3b0341b98.jpg,[]
cd7ab73a-5bc3-11ec-96cd-04d3b0341b98.jpg,[]
cef3d2ca-5bc3-11ec-9603-04d3b0341b98.jpg,[]
d07d7b78-5bc3-11ec-bdc1-04d3b0341b98.jpg,[]
d33c1a1c-5bc3-11ec-8d93-04d3b0341b98.jpg,[]
d78065e4-5bc3-11ec-b8a6-04d3b0341b98.jpg,[]
d913ddf4-5bc3-11ec-aeb2-04d3b0341b98.jpg,[]
da90a302-5bc3-11ec-b9a9-04d3b0341b98.jpg,[]
dc2dbfcc-5bc3-11ec-a2d4-04d3b0341b98.jpg,[]
ddcbccda-5bc3-11ec-8d82-04d3b0341b98.jpg,[]
df5c9c54-5bc3-11ec-87b7-04d3b0341b98.jpg,[]
e0df811a-5bc3-11ec-9992-04d3b0341b98.jpg,[]
e28a7234-5bc3-11ec-9f13-04d3b0341b98.jpg,[]
e401eb5e-5bc3-11ec-8ec3-04d3b0341b98.jpg,[]
e578a50c-5bc3-11ec-9809-04d3b0341b98.jpg,[]
e70d2640-5bc3-11ec-949d-04d3b0341b98.jpg,[]
e89b818c-5bc3-11ec-b3bc-04d3b0341b98.jpg,[]
ea298d6c-5bc3-11ec-b565-04d3b0341b98.jpg,[]
ebcf159a-5bc3-11ec-960e-04d3b0341b98.jpg,[]
ee13a570-5bc3-11ec-8327-04d3b0341b98.jpg,[]
ef810c88-5bc3-11ec-bc47-04d3b0341b98.jpg,[]
f107af8a-5bc3-11ec-878e-04d3b0341b98.jpg,[]
f2b1b42e-5bc3-11ec-bbb5-04d3b0341b98.jpg,[]
f46d6228-5bc3-11ec-8050-04d3b0341b98.jpg,[]
f67b78b6-5bc3-11ec-b19c-04d3b0341b98.jpg,[]
f87d83b8-5bc3-11ec-94f3-04d3b0341b98.jpg,[]
00d020be-5bc4-11ec-887f-04d3b0341b98.jpg,[]
024735e8-5bc4-11ec-82ea-04d3b0341b98.jpg,[]
03c91322-5bc4-11ec-a797-04d3b0341b98.jpg,[]
05afa9a8-5bc4-11ec-bb48-04d3b0341b98.jpg,[]
07355d3a-5bc4-11ec-b656-04d3b0341b98.jpg,[]
84320f08-5bc4-11ec-a9b8-04d3b0341b98.jpg,"['09', 'HG', '24', '3938']"
cffe870c-5bc4-11ec-927f-04d3b0341b98.jpg,[]
7692845e-5bd3-11ec-8493-04d3b0341b98.jpg,[]
7b0d0710-5bd3-11ec-a3dd-04d3b0341b98.jpg,[]
817dc1ca-5bd3-11ec-9adc-04d3b0341b98.jpg,[]
880aa590-5bd3-11ec-9b6b-04d3b0341b98.jpg,[]
8e9fcdd4-5bd3-11ec-9812-04d3b0341b98.jpg,[]
9541b5be-5bd3-11ec-8a2a-04d3b0341b98.jpg,[]
9c29a548-5bd3-11ec-8515-04d3b0341b98.jpg,[]
9f15a62e-5bd3-11ec-8943-04d3b0341b98.jpg,[]
a1e50000-5bd3-11ec-a24b-04d3b0341b98.jpg,[]
a4e182a6-5bd3-11ec-bd2d-04d3b0341b98.jpg,[]
abb7e1a4-5bd3-11ec-8773-04d3b0341b98.jpg,[]
b23f67ae-5bd3-11ec-9abd-04d3b0341b98.jpg,[]
b960ab40-5bd3-11ec-9fa1-04d3b0341b98.jpg,[]
bcfe7ef0-5bd3-11ec-aa80-04d3b0341b98.jpg,[]
c0429ff4-5bd3-11ec-af93-04d3b0341b98.jpg,[]
c35515a4-5bd3-11ec-9e97-04d3b0341b98.jpg,[]
f4aaf698-5bd3-11ec-968a-04d3b0341b98.jpg,[]
f7fff242-5bd3-11ec-9375-04d3b0341b98.jpg,[]
fb21667a-5bd3-11ec-93a7-04d3b0341b98.jpg,[]
026d6d26-5bd4-11ec-a423-04d3b0341b98.jpg,[]
0951f874-5bd4-11ec-8f21-04d3b0341b98.jpg,[]
0ff11518-5bd4-11ec-ae0e-04d3b0341b98.jpg,[]
18731652-5bd4-11ec-9892-04d3b0341b98.jpg,[]
1ed25db4-5bd4-11ec-beab-04d3b0341b98.jpg,"['NQ', ""12'24"", '3987']"
235a13ee-5bd4-11ec-b8f4-04d3b0341b98.jpg,[]
2660b8d4-5bd4-11ec-962f-04d3b0341b98.jpg,[]
2a5e94b8-5bd4-11ec-8a58-04d3b0341b98.jpg,[]
2f452cb0-5bd4-11ec-b35c-04d3b0341b98.jpg,[]
37ac33be-5bd4-11ec-9e3b-04d3b0341b98.jpg,[]
3fd2e146-5bd4-11ec-aac6-04d3b0341b98.jpg,[]
467bc236-5bd4-11ec-838f-04d3b0341b98.jpg,[]
4f6f424a-5bd4-11ec-8933-04d3b0341b98.jpg,[]
560eba0a-5bd4-11ec-a18f-04d3b0341b98.jpg,[]
718f359e-5bd4-11ec-b283-04d3b0341b98.jpg,[]
8081a66e-5bd4-11ec-95e8-04d3b0341b98.jpg,"['c 3987 NQ', '12*24']"
887c32ca-5bd4-11ec-adbf-04d3b0341b98.jpg,[]
8f445836-5bd4-11ec-88be-04d3b0341b98.jpg,[]
92eaf076-5bd4-11ec-91cf-04d3b0341b98.jpg,[]
97eaf6f4-5bd4-11ec-81d8-04d3b0341b98.jpg,[]
9b990986-5bd4-11ec-b83a-04d3b0341b98.jpg,[]
9ec958d0-5bd4-11ec-af25-04d3b0341b98.jpg,[]
a21a504a-5bd4-11ec-b6c3-04d3b0341b98.jpg,[]
a6989492-5bd4-11ec-a1bc-04d3b0341b98.jpg,[]
aa6265ee-5bd4-11ec-9209-04d3b0341b98.jpg,[]
adf6b9c0-5bd4-11ec-befc-04d3b0341b98.jpg,[]
b0ee41b6-5bd4-11ec-9668-04d3b0341b98.jpg,[]
b43fdffa-5bd4-11ec-80aa-04d3b0341b98.jpg,[]
b8472628-5bd4-11ec-9de2-04d3b0341b98.jpg,[]
bb4ed7d2-5bd4-11ec-a3f1-04d3b0341b98.jpg,[]
be420dac-5bd4-11ec-8f2b-04d3b0341b98.jpg,[]
c4d7415c-5bd4-11ec-9403-04d3b0341b98.jpg,[]
c7ff9dee-5bd4-11ec-a37b-04d3b0341b98.jpg,[]
cb3fce18-5bd4-11ec-ba4f-04d3b0341b98.jpg,[]
ce17829a-5bd4-11ec-9561-04d3b0341b98.jpg,[]
d279450c-5bd4-11ec-8802-04d3b0341b98.jpg,[]
d597f33e-5bd4-11ec-adff-04d3b0341b98.jpg,[]
d8b394b8-5bd4-11ec-a6ba-04d3b0341b98.jpg,[]
dba574d4-5bd4-11ec-8de8-04d3b0341b98.jpg,[]
de9c8f18-5bd4-11ec-82c9-04d3b0341b98.jpg,[]
e196d448-5bd4-11ec-813c-04d3b0341b98.jpg,[]
e499b02e-5bd4-11ec-a7b2-04d3b0341b98.jpg,[]
e7a8cbee-5bd4-11ec-bae7-04d3b0341b98.jpg,[]
ea8fee00-5bd4-11ec-9fc5-04d3b0341b98.jpg,[]
ed714a28-5bd4-11ec-8ab0-04d3b0341b98.jpg,[]
f067c96e-5bd4-11ec-b817-04d3b0341b98.jpg,[]
f3517ce2-5bd4-11ec-acd2-04d3b0341b98.jpg,[]
f717b424-5bd4-11ec-b7a7-04d3b0341b98.jpg,[]
ff5bb9ee-5bd4-11ec-8b90-04d3b0341b98.jpg,[]
0642e3ba-5bd5-11ec-a5c3-04d3b0341b98.jpg,[]
0d026d1a-5bd5-11ec-80ff-04d3b0341b98.jpg,[]
11ee4402-5bd5-11ec-b87d-04d3b0341b98.jpg,[]
19dd2418-5bd5-11ec-b3fd-04d3b0341b98.jpg,[]
206f6a8c-5bd5-11ec-a3ba-04d3b0341b98.jpg,[]
24302cf8-5bd5-11ec-91c8-04d3b0341b98.jpg,[]
2819373e-5bd5-11ec-b6cb-04d3b0341b98.jpg,[]
6c6552ac-5bd5-11ec-891b-04d3b0341b98.jpg,[]
738c1d40-5bd5-11ec-b487-04d3b0341b98.jpg,[]
7c6192c2-5bd5-11ec-812a-04d3b0341b98.jpg,[]
743a81c0-5c4f-11ec-a5aa-0c9d922fa863.jpg,[]
a36b55cc-5c4f-11ec-bbb5-0c9d922fa863.jpg,['3938']
d3640da2-5c4f-11ec-8eae-0c9d922fa863.jpg,[]
d2feb1f6-5cd0-11ec-8e8f-0c9d922fa863.jpg,[]
ec391f82-5cd0-11ec-aac6-0c9d922fa863.jpg,[]
81eb8bd4-5cdf-11ec-923f-0c9d922fa863.jpg,[]
8d96c188-5cdf-11ec-9b00-0c9d922fa863.jpg,[]
8d494928-5cf7-11ec-aea0-0c9d922fa863.jpg,[]
abbb025a-5cf7-11ec-b05d-0c9d922fa863.jpg,[]
c6c8d042-5cf7-11ec-8bea-0c9d922fa863.jpg,[]
d63134d2-5cf7-11ec-b629-0c9d922fa863.jpg,[]
e51ce7b6-5cf7-11ec-9fcb-0c9d922fa863.jpg,[]
0a3078da-5cf8-11ec-8397-0c9d922fa863.jpg,[]
199d7150-5cf8-11ec-b999-0c9d922fa863.jpg,[]
ef71d51c-5cf8-11ec-b51c-0c9d922fa863.jpg,[]
fd150a24-5cf8-11ec-a576-0c9d922fa863.jpg,[]
0b514ae4-5cf9-11ec-894f-0c9d922fa863.jpg,[]
219fe36c-5cf9-11ec-8b43-0c9d922fa863.jpg,[]
3ad5bd22-5cf9-11ec-b94a-0c9d922fa863.jpg,[]
507a0be8-5cf9-11ec-b6f7-0c9d922fa863.jpg,[]
750c24e4-5cf9-11ec-90e4-0c9d922fa863.jpg,[]
91d84b66-5cf9-11ec-8ffc-0c9d922fa863.jpg,[]
a03a63a8-5cf9-11ec-8d15-0c9d922fa863.jpg,[]
c76595e6-5cf9-11ec-b3e0-0c9d922fa863.jpg,[]
de485808-5cf9-11ec-8e22-0c9d922fa863.jpg,[]
efd1529c-5cf9-11ec-818b-0c9d922fa863.jpg,[]
072796f8-5cfa-11ec-8c15-0c9d922fa863.jpg,[]
1d28d2c8-5cfa-11ec-afa4-0c9d922fa863.jpg,[]
37dac51e-5cfa-11ec-b6c4-0c9d922fa863.jpg,[]
4f55cfcc-5cfa-11ec-b2b2-0c9d922fa863.jpg,[]
69909646-5cfa-11ec-abc5-0c9d922fa863.jpg,[]
88b87ff6-5cfa-11ec-ad76-0c9d922fa863.jpg,[]
a0130a28-5cfa-11ec-a35a-0c9d922fa863.jpg,[]
14cac4c6-5cfb-11ec-bf2a-0c9d922fa863.jpg,[]
4fe1ad80-5cfc-11ec-87b7-0c9d922fa863.jpg,[]
747205a8-5cfc-11ec-b26f-0c9d922fa863.jpg,[]
d124f6ee-5d8a-11ec-8a13-0c9d922fa863.jpg,[]
74c33426-5d8d-11ec-8a80-0c9d922fa863.jpg,[]
780bc910-5d8e-11ec-a898-0c9d922fa863.jpg,[]
8e404980-5d8e-11ec-8f93-0c9d922fa863.jpg,[]
aa108680-5d8e-11ec-b8ad-0c9d922fa863.jpg,[]
b9817658-5d8e-11ec-80db-0c9d922fa863.jpg,['Bloods']
cfc42a36-5d8e-11ec-bb39-0c9d922fa863.jpg,[]
e6b4a9a4-5d8e-11ec-94f0-0c9d922fa863.jpg,"['3987 Nq', '12*34']"
ff3c8fd2-5d8e-11ec-8aab-0c9d922fa863.jpg,['6 3987 NQ']
6ab0ab5c-5d8f-11ec-9da7-0c9d922fa863.jpg,[]
9cf4b1f4-5d8f-11ec-8655-0c9d922fa863.jpg,[]
1ebd239a-5d90-11ec-a0ba-0c9d922fa863.jpg,[]
3039d858-5d90-11ec-a739-0c9d922fa863.jpg,[]
5ba38914-5d90-11ec-a047-0c9d922fa863.jpg,[]
7bfa07c2-5d95-11ec-8a75-0c9d922fa863.jpg,"['6 3987 NQ', '13*22']"
3c8f1cf8-5d96-11ec-9921-0c9d922fa863.jpg,['7907n']
